pe_type,n,mean,std
alibi,3,0.810800,0.002889
learned,3,0.792800,0.003611
rope,3,0.845267,0.002816
sinusoidal,3,0.817533,0.003703
